{"cameraMode":{"drawMode":0,"name":"Shaded","section":"Shading Mode"},"sceneLighting":false,"audioPlay":false,"sceneViewState":{"m_AlwaysRefresh":false,"showFog":true,"showSkybox":false,"showFlares":true,"showImageEffects":true,"showParticleSystems":true,"showVisualEffectGraphs":true,"m_FxEnabled":true},"in2DMode":false,"pivot":{"x":-11.539999961853028,"y":1.6660000085830689,"z":-1.1920928955078126e-7},"rotation":{"x":0.09924379736185074,"y":-0.16458386182785035,"z":0.016701264306902887,"w":0.9812578558921814},"size":3.5723414421081545,"orthographic":false}