{"cameraMode":{"drawMode":0,"name":"Shaded","section":"Shading Mode"},"sceneLighting":true,"audioPlay":false,"sceneViewState":{"m_AlwaysRefresh":false,"showFog":true,"showSkybox":true,"showFlares":true,"showImageEffects":true,"showParticleSystems":true,"showVisualEffectGraphs":true,"m_FxEnabled":true},"in2DMode":false,"pivot":{"x":-1.8409509658813477,"y":3.1483798027038576,"z":1.0104484558105469},"rotation":{"x":-0.12832649052143098,"y":-0.09742488712072373,"z":0.012669508345425129,"w":-0.9868650436401367},"size":11.255354881286621,"orthographic":false}