{"cameraMode":{"drawMode":0,"name":"Shaded","section":"Shading Mode"},"sceneLighting":true,"audioPlay":false,"sceneViewState":{"m_AlwaysRefresh":false,"showFog":true,"showSkybox":true,"showFlares":true,"showImageEffects":true,"showParticleSystems":true,"showVisualEffectGraphs":true,"m_FxEnabled":true},"in2DMode":false,"pivot":{"x":-1.8409509658813477,"y":3.1483798027038576,"z":1.0104484558105469},"rotation":{"x":-0.0896560549736023,"y":0.10794346034526825,"z":-0.009773938916623593,"w":-0.9900690913200378},"size":11.255354881286621,"orthographic":false}