{"cameraMode":{"drawMode":0,"name":"Shaded","section":"Shading Mode"},"sceneLighting":true,"audioPlay":false,"sceneViewState":{"m_AlwaysRefresh":false,"showFog":true,"showSkybox":true,"showFlares":true,"showImageEffects":true,"showParticleSystems":true,"showVisualEffectGraphs":true,"m_FxEnabled":true},"in2DMode":false,"pivot":{"x":-0.4880017638206482,"y":15.283732414245606,"z":0.6276435852050781},"rotation":{"x":-0.042294103652238849,"y":0.00808795541524887,"z":-0.0003601010248530656,"w":-0.999082088470459},"size":16.334583282470704,"orthographic":false}