{"cameraMode":{"drawMode":0,"name":"Shaded","section":"Shading Mode"},"sceneLighting":true,"audioPlay":false,"sceneViewState":{"m_AlwaysRefresh":false,"showFog":true,"showSkybox":true,"showFlares":true,"showImageEffects":true,"showParticleSystems":true,"showVisualEffectGraphs":true,"m_FxEnabled":true},"in2DMode":false,"pivot":{"x":0.8610491752624512,"y":6.710284233093262,"z":4.419473648071289},"rotation":{"x":-0.04120025038719177,"y":0.22642047703266145,"z":-0.009578284807503224,"w":-0.9731740355491638},"size":24.829673767089845,"orthographic":false}