{"cameraMode":{"drawMode":0,"name":"Shaded","section":"Shading Mode"},"sceneLighting":true,"audioPlay":false,"sceneViewState":{"m_AlwaysRefresh":false,"showFog":true,"showSkybox":true,"showFlares":true,"showImageEffects":true,"showParticleSystems":true,"showVisualEffectGraphs":true,"m_FxEnabled":true},"in2DMode":false,"pivot":{"x":-0.24121809005737306,"y":-0.980837345123291,"z":-1.7788605690002442},"rotation":{"x":-0.22186051309108735,"y":-0.027203531935811044,"z":0.0061911288648843769,"w":-0.9746857285499573},"size":28.15473747253418,"orthographic":false}