{"cameraMode":{"drawMode":0,"name":"Shaded","section":"Shading Mode"},"sceneLighting":true,"audioPlay":false,"sceneViewState":{"m_AlwaysRefresh":false,"showFog":true,"showSkybox":true,"showFlares":true,"showImageEffects":true,"showParticleSystems":true,"showVisualEffectGraphs":true,"m_FxEnabled":true},"in2DMode":false,"pivot":{"x":-11.539999961853028,"y":1.6660000085830689,"z":-1.1920928955078126e-7},"rotation":{"x":-0.1807992309331894,"y":0.01091404166072607,"z":-0.002006605500355363,"w":-0.9834646582603455},"size":4.4659833908081059,"orthographic":false}